-- 插入示例客户数据
INSERT INTO CUSTOMER VALUES('C0000001', '山田', '太郎', '19750512', 'M', 'yamada@example.com', '0312345678', '東京都港区芝浦1-1-1', 'SYSTEM', '20250101120000', 'SYSTEM', '20250101120000');
INSERT INTO CUSTOMER VALUES('C0000002', '佐藤', '花子', '19820623', 'F', 'sato@example.com', '0398765432', '大阪府大阪市中央区北浜2-2-2', 'SYSTEM', '20250101120000', 'SYSTEM', '20250101120000');
INSERT INTO CUSTOMER VALUES('C0000003', '鈴木', '一郎', '19680415', 'M', 'suzuki@example.com', '0354321678', '神奈川県横浜市西区みなとみらい3-3-3', 'SYSTEM', '20250101120000', 'SYSTEM', '20250101120000');
INSERT INTO CUSTOMER VALUES('C0000004', '田中', '美咲', '19910708', 'F', 'tanaka@example.com', '0387654321', '北海道札幌市中央区大通4-4-4', 'SYSTEM', '20250101120000', 'SYSTEM', '20250101120000');
INSERT INTO CUSTOMER VALUES('C0000005', '伊藤', '健太', '19650930', 'M', 'ito@example.com', '0322334455', '福岡県福岡市博多区博多駅前5-5-5', 'SYSTEM', '20250101120000', 'SYSTEM', '20250101120000');

-- 插入示例保单数据
INSERT INTO INSURANCE_POLICY VALUES('P000000001', 'C0000001', '01', 'A', '20230101', '20280101', 12000.00, 5000000.00, 'SYSTEM', '20250101120000', 'SYSTEM', '20250101120000');
INSERT INTO INSURANCE_POLICY VALUES('P000000002', 'C0000001', '02', 'A', '20230215', '20280215', 8000.00, 3000000.00, 'SYSTEM', '20250101120000', 'SYSTEM', '20250101120000');
INSERT INTO INSURANCE_POLICY VALUES('P000000003', 'C0000002', '01', 'A', '20230305', '20280305', 15000.00, 7500000.00, 'SYSTEM', '20250101120000', 'SYSTEM', '20250101120000');
INSERT INTO INSURANCE_POLICY VALUES('P000000004', 'C0000003', '03', 'A', '20230410', '20240410', 6000.00, 2000000.00, 'SYSTEM', '20250101120000', 'SYSTEM', '20250101120000');
INSERT INTO INSURANCE_POLICY VALUES('P000000005', 'C0000004', '01', 'A', '20230520', '20280520', 18000.00, 10000000.00, 'SYSTEM', '20250101120000', 'SYSTEM', '20250101120000');
INSERT INTO INSURANCE_POLICY VALUES('P000000006', 'C0000005', '02', 'C', '20230630', '20280630', 9000.00, 4000000.00, 'SYSTEM', '20250101120000', 'SYSTEM', '20250102150000');
INSERT INTO INSURANCE_POLICY VALUES('P000000007', 'C0000003', '01', 'A', '20230715', '20280715', 24000.00, 15000000.00, 'SYSTEM', '20250101120000', 'SYSTEM', '20250101120000');
INSERT INTO INSURANCE_POLICY VALUES('P000000008', 'C0000004', '03', 'E', '20230820', '20240820', 5000.00, 1500000.00, 'SYSTEM', '20250101120000', 'SYSTEM', '20250103091500');

-- 插入示例保费支付记录
INSERT INTO PREMIUM_PAYMENT VALUES('PAY000000001', 'P000000001', '20230101', 12000.00, '01', 'P', '202301', 'REF-20230101-001', 'SYSTEM', '20250101120000', 'SYSTEM', '20250101120000');
INSERT INTO PREMIUM_PAYMENT VALUES('PAY000000002', 'P000000002', '20230215', 8000.00, '02', 'P', '202302', 'REF-20230215-001', 'SYSTEM', '20250101120000', 'SYSTEM', '20250101120000');
INSERT INTO PREMIUM_PAYMENT VALUES('PAY000000003', 'P000000003', '20230305', 15000.00, '01', 'P', '202303', 'REF-20230305-001', 'SYSTEM', '20250101120000', 'SYSTEM', '20250101120000');
INSERT INTO PREMIUM_PAYMENT VALUES('PAY000000004', 'P000000004', '20230410', 6000.00, '03', 'P', '202304', 'REF-20230410-001', 'SYSTEM', '20250101120000', 'SYSTEM', '20250101120000');
INSERT INTO PREMIUM_PAYMENT VALUES('PAY000000005', 'P000000005', '20230520', 18000.00, '01', 'P', '202305', 'REF-20230520-001', 'SYSTEM', '20250101120000', 'SYSTEM', '20250101120000');
INSERT INTO PREMIUM_PAYMENT VALUES('PAY000000006', 'P000000006', '20230630', 9000.00, '02', 'P', '202306', 'REF-20230630-001', 'SYSTEM', '20250101120000', 'SYSTEM', '20250101120000');
INSERT INTO PREMIUM_PAYMENT VALUES('PAY000000007', 'P000000007', '20230715', 24000.00, '01', 'P', '202307', 'REF-20230715-001', 'SYSTEM', '20250101120000', 'SYSTEM', '20250101120000');
INSERT INTO PREMIUM_PAYMENT VALUES('PAY000000008', 'P000000008', '20230820', 5000.00, '03', 'F', '202308', 'REF-20230820-001', 'SYSTEM', '20250101120000', 'SYSTEM', '20250101120000');
INSERT INTO PREMIUM_PAYMENT VALUES('PAY000000009', 'P000000001', '20240101', 12000.00, '01', 'W', '202401', 'REF-20240101-001', 'SYSTEM', '20250101120000', 'SYSTEM', '20250101120000');
INSERT INTO PREMIUM_PAYMENT VALUES('PAY000000010', 'P000000003', '20240305', 15000.00, '01', 'W', '202403', 'REF-20240305-001', 'SYSTEM', '20250101120000', 'SYSTEM', '20250101120000'); 